{"fast_rcnn/cls_accuracy": 0.279296875, "fast_rcnn/false_negative": 0.0, "fast_rcnn/fg_cls_accuracy": 0.043478260869565216, "iteration": 0, "mask_rcnn/accuracy": 0.32958074534161486, "mask_rcnn/false_negative": 0.3110117248881905, "mask_rcnn/false_positive": 0.9750999077774362, "roi_head/num_bg_samples": 244.5, "roi_head/num_fg_samples": 11.5, "rpn/num_neg_anchors": 252.0, "rpn/num_pos_anchors": 4.0}
{"fast_rcnn/cls_accuracy": 0.26953125, "fast_rcnn/false_negative": 0.2289156626506024, "fast_rcnn/fg_cls_accuracy": 0.46987951807228917, "iteration": 0, "mask_rcnn/accuracy": 0.5147528891074502, "mask_rcnn/false_negative": 0.6561784897025171, "mask_rcnn/false_positive": 0.32522018567007854, "roi_head/num_bg_samples": 214.5, "roi_head/num_fg_samples": 41.5, "rpn/num_neg_anchors": 225.5, "rpn/num_pos_anchors": 30.5}
{"fast_rcnn/cls_accuracy": 0.421875, "fast_rcnn/false_negative": 0.22448979591836735, "fast_rcnn/fg_cls_accuracy": 0.08163265306122448, "iteration": 0, "mask_rcnn/accuracy": 0.6956476468138275, "mask_rcnn/false_negative": 0.27259234828496043, "mask_rcnn/false_positive": 0.3329212816455696, "roi_head/num_bg_samples": 231.5, "roi_head/num_fg_samples": 24.5, "rpn/num_neg_anchors": 227.5, "rpn/num_pos_anchors": 28.5}
{"fast_rcnn/cls_accuracy": 0.0851063829787234, "fast_rcnn/false_negative": 0.0, "fast_rcnn/fg_cls_accuracy": 0.06666666666666667, "iteration": 0, "mask_rcnn/accuracy": 0.5072278911564626, "mask_rcnn/false_negative": 0.45114122681883023, "mask_rcnn/false_positive": 0.5307217165149545, "roi_head/num_bg_samples": 16.0, "roi_head/num_fg_samples": 7.5, "rpn/num_neg_anchors": 228.0, "rpn/num_pos_anchors": 28.0}
{"fast_rcnn/cls_accuracy": 0.18181818181818182, "fast_rcnn/false_negative": 1.0, "fast_rcnn/fg_cls_accuracy": 0.0, "iteration": 0, "mask_rcnn/accuracy": 0.4847493345164152, "mask_rcnn/false_negative": 0.7466047591410331, "mask_rcnn/false_positive": 0.30359987257088245, "roi_head/num_bg_samples": 10.5, "roi_head/num_fg_samples": 11.5, "rpn/num_neg_anchors": 211.0, "rpn/num_pos_anchors": 45.0}
{"fast_rcnn/cls_accuracy": 0.18181818181818182, "fast_rcnn/false_negative": 0.0, "fast_rcnn/fg_cls_accuracy": 0.8, "iteration": 0, "mask_rcnn/accuracy": 0.5066326530612245, "mask_rcnn/false_negative": 0.16507936507936508, "mask_rcnn/false_positive": 0.7990147783251231, "roi_head/num_bg_samples": 8.5, "roi_head/num_fg_samples": 2.5, "rpn/num_neg_anchors": 245.0, "rpn/num_pos_anchors": 11.0}
